670.4379334247341,2031.178260631863,91.88142675361775,112.98204513644555,26.314187024737294,34.16346114350017,6.519596322621112,12.365204679645103,3.431332723381473,2.6025996429743827,0.32438541005876687,1.5465448382190061,0.04628734905764986,0.010205007791228127,0.5063219063762858,0.15806858090138576,0.029715022993258344,0.013355765440792311,0.02400101950169642,0.006446323039654089,0.005110987777612763,0.007354354202107061,0.009877849347361689,0.008957619157172303,0.009288891413746114,0.009984234015973925,0.010710059836867458,0.011462239746151681,0.012238909983750546,0.013041481142863631,0.013869017851220633,0.014722609637146888,0.015601053068792226,0.016505624718774925,0.01743497281537998,0.01839052622494819,0.01937077691235345,0.0203773145130981,0.021408465571994384,0.022465989100282968,0.023548038573835584,0.024656550395775412,0.025789495946781926,0.026948998323291562,0.028132837863495297,0.029343332702410407,0.030578064083073286,0.03183955378460723,0.0331251747199417
1262.861384721542,2982.759757030535,146.3287683180738,165.09139179392082,17.495139890031965,13.326524281734237,3.7525506500097094,2.3192311978107227,0.7569823668776507,0.11286700424398077,0.5311627187350041,0.1180499595936908,0.012912442583967731,0.0026092586631421,0.0005403859505861419,0.00012615940727300767,1.7977320538875574e-05,3.315221874800045e-07,3.2462992294313153e-09,-1.375610736431554e-11,1.503508428868372e-11,0.0,-1.7763568394002505e-11,-1.921307557495311e-11,4.143885234952904e-11,0.0,0.0,0.0,-2.731326276261825e-11,0.0,6.190248313941993e-11,-3.285549610154703e-11,-3.481659405224491e-11,3.6834535421803594e-11,-7.781864042044617e-11,4.1040948417503387e-11,0.0,0.0,0.0,0.0,0.0,-1.1004885891452432e-10,0.0,0.0,6.278355613176245e-11,6.548361852765083e-11,0.0,0.0,0.0
551.5866877147678,3047.0864764959188,191.46586482143846,116.05379107600584,59.01452744442915,18.41730572272718,11.959810296282512,6.768578553501925,2.8475701683216244,1.7959704605800653,0.5158443708413643,0.09913953350633165,0.02584240624372569,0.007905977559858002,1.2488588053087142,0.017304924634117924,0.33212262354544464,0.0168127312008437,0.09451488137722208,0.014409625029657036,0.02308112565813758,0.0057543498296581674,0.0009176996584869812,1.0839075798685371e-05,1.142261965014768e-07,4.4565240386873484e-11,0.0,0.0,5.46265255252365e-11,-5.820766091346741e-11,6.190248313941993e-11,-6.571099220309407e-11,0.0,0.0,0.0,0.0,0.0,0.0,0.0,0.0,0.0,0.0,5.7553961596568115e-11,-1.2028067430946976e-10,1.255671122635249e-10,0.0,0.0,0.0,1.4784973245696165e-10
541.7341518640781,2289.2117979320064,89.35757317392188,118.11409102468588,26.80389210467706,16.179870430631127,13.639102075593769,3.9530622980691987,4.063238288550906,0.8214309594486622,1.8274682268840934,0.16646148853942577,0.2899983622903335,0.04367548497248208,0.08410750659308519,0.013353511596960743,0.012316908988537989,0.0029444365964081953,0.005355022323811909,0.004505386871755945,0.006687913951395785,0.006205666055393522,0.005626389700807977,0.006392149319935925,0.0069594516630218095,0.007486360314032936,0.00801106961856135,0.008573172559067643,0.009154149349882346,0.009754365659318864,0.010373449656896128,0.011011764357590437,0.01166894154849274,0.012345369221748115,0.01304038318437506,0.01375484714446884,0.014488186836103978,0.015240827906382037,0.016012256505035793,0.01680301251610672,0.017612529349264605,0.018441401656673406,0.019289006257849906,0.020155994906190244,0.0210416862698537,0.02194679185777204,0.022870569479493952,0.023813793461613386,0.024775656926749434
1293.1015881433766,3240.3066613111732,139.88152678983994,183.07005349217434,28.32935497254465,20.103975805617665,10.532699836654672,4.225821563628074,3.6011452976149485,0.9343928746711754,0.26543342244653445,1.3803219673739022,0.10228485471728277,0.3883976566285128,0.032567915213292054,0.011574296071330537,0.13043867724422853,0.011457844038886833,0.03539091240637049,0.008796161782470335,0.001555835243209458,0.00018533288312028162,2.2863488879920624e-06,4.6322725211211946e-08,0.0,2.2282620193436742e-11,-7.170797289290931e-11,2.5579538487363607e-11,0.0,0.0,-3.0951241569709964e-11,9.85664883046411e-11,-1.0444978215673473e-10,0.0,0.0,8.208189683500677e-11,-8.645884008728899e-11,-4.547473508864641e-11,-9.555378710501827e-11,0.0,2.1020696294726804e-10,0.0,0.0,-1.2028067430946976e-10,-6.278355613176245e-11,0.0,0.0,1.4210854715202004e-10,-1.4784973245696165e-10
1634.1955535667455,2805.499321313162,323.78205180125406,93.48550705944172,4.232680034883572,3.3131307647490758,0.8490005380612899,0.9117415373907534,0.15095568229492073,0.016612932777661626,0.33841737383670534,0.004712591375437114,0.1044740798448629,0.026428754208609462,0.00925690241973598,0.0037058327785643996,0.0025976042249169495,0.00012266041267139371,3.4177514578459522e-06,1.4100010048423428e-08,6.014033715473488e-11,0.0,0.0,3.842615114990622e-11,-4.143885234952904e-11,6.684786058031023e-11,-2.390265763096977e-11,-5.1159076974727213e-11,5.46265255252365e-11,-5.820766091346741e-11,0.0,-6.571099220309407e-11,0.0,3.6834535421803594e-11,-7.781864042044617e-11,0.0,0.0,9.094947017729282e-11,9.555378710501827e-11,0.0,0.0,-5.502442945726216e-11,-5.7553961596568115e-11,1.2028067430946976e-10,-1.8835066839528736e-10,0.0,6.824052434240002e-11,0.0,0.0
788.0184844986226,2768.071399044081,156.51784075131445,94.66836963346759,4.28964825784692,0.44705671434348915,0.043324157299764465,0.003982016178838421,0.0006168784074986888,3.901035961462185e-05,1.293520313083718e-08,8.913048077374697e-11,1.2789769243681803e-11,1.4551915228366852e-11,0.0,0.0,0.0,0.0,0.0,0.0,0.0,0.0,0.0,0.0,0.0,0.0,0.0,0.0,0.0,0.0,0.0,0.0,0.0,0.0,0.0,0.0,0.0,0.0,0.0,0.0,0.0,0.0,0.0,0.0,0.0,0.0,0.0,0.0,0.0
1176.1010926041201,1659.240447071019,141.8105859512508,164.2684814738402,41.01848280703072,42.13250195647561,5.068222865725886,10.893579612695703,2.2898443644699853,2.3450051415038615,0.6794517435257887,0.3323555874678732,0.09351546123710364,0.009128214238444343,0.23618658329576192,0.006586012308957834,0.05319361638356668,0.0013591404695034726,7.65885464488747e-05,9.417431101610418e-08,1.8342802832194138e-09,1.6370904631912708e-11,-1.7763568394002505e-11,1.921307557495311e-11,4.143885234952904e-11,-4.4565240386873484e-11,-4.780531526193954e-11,5.1159076974727213e-11,-2.731326276261825e-11,2.9103830456733704e-11,0.0,-6.571099220309407e-11,0.0,0.0,7.781864042044617e-11,-8.208189683500677e-11,4.3229420043644495e-11,0.0,-9.555378710501827e-11,5.013589543523267e-11,-5.255174073681701e-11,0.0,-5.7553961596568115e-11,0.0,1.255671122635249e-10,-6.548361852765083e-11,-6.824052434240002e-11,0.0,1.4784973245696165e-10
403.59217666682196,1755.431601935814,122.05285182485426,51.62170022330622,14.134914728274282,7.882267569839314,4.122300725522678,2.503648683659776,1.2314530339029943,0.20780615813873737,1.0352906862046893,0.007667925710165946,0.0013742659746185382,0.00014018938963999972,5.2599020818888675e-06,7.247194844239857e-09,0.0,0.0,2.5067947717616335e-11,0.0,-3.007016857736744e-11,3.2741809263825417e-11,1.7763568394002505e-11,-1.921307557495311e-11,0.0,0.0,2.390265763096977e-11,-5.1159076974727213e-11,2.731326276261825e-11,5.820766091346741e-11,0.0,3.285549610154703e-11,0.0,0.0,-3.8909320210223086e-11,0.0,0.0,-9.094947017729282e-11,4.7776893552509136e-11,1.0027179087046534e-10,5.255174073681701e-11,0.0,0.0,-6.014033715473488e-11,1.255671122635249e-10,0.0,-1.3648104868480004e-10,7.105427357601002e-11,0.0
991.9060647245956,1496.3275785749274,129.12674287348693,57.44444866640424,6.8253932787772555,62.789222279963724,17.680559511291904,2.7399991018967285,6.5457850870128595,1.7967913217830755,1.046159116273401,0.29733015364115545,0.08051105471906794,0.01896773346379632,0.00506954887796951,0.00402816687142149,0.004658609048249218,0.005490970852406463,0.005835996361497564,0.006403315120223851,0.0069881222608785265,0.007607152811033302,0.008255100336640453,0.008928178961468802,0.009628603478688547,0.010354593535339518,0.011107899470999882,0.011886650486303552,0.012692855454901064,0.013524366775527596,0.014383475120069988,0.01526774218018545,0.01617975851431197,0.017116776700277114,0.01808170563762701,0.019071470335802587,0.020089316490015108,0.02113182308676187,0.022202591071476263,0.02329783495315496,0.024421529382010476,0.025569505934981862,0.026746131421617747,0.027946836032242572,0.029176397190298076,0.030429825244937092,0.03171232668805146,0.03301847357306542,0.034353919914877906
1152.1207561115648,3548.312488505164,230.45745193499414,65.5686187680019,70.26955999770544,16.05926123969948,8.212677878387296,5.5421496393819325,0.7356939019492756,1.7839995039335008,0.2887540074599144,0.37707868155712276,0.04769001250224392,0.015502966911299154,0.10977816409672414,0.029305947840612134,0.004258435238170932,0.009563439675730478,0.006213882362260392,0.008910979003417197,0.006195043455733185,0.006354850589559646,0.007358386895361946,0.008135251566727675,0.008602777209063106,0.009251032732208841,0.00992375817875768,0.010619778413456515,0.011339741996238217,0.012082944565918297,0.01285013430140225,0.013640511638868702,0.014454926096618692,0.015292476716240344,0.016154117409200808,0.017038839798033223,0.017947708239148596,0.01887960088424734,0.01983569858646206,0.02081475997488269,0.021818088451141193,0.02284431706993928,0.023894877833186,0.024968272169417105,0.026066066732596482,0.027186625273316167,0.028331655149372637,0.029499376381636466,0.030691643083514464
930.4265188234801,3327.067320142266,118.88443866982641,61.0036371725522,37.714749518282474,11.095520310349457,6.1621985755845685,4.343414962485781,0.8079413822355832,0.08562956812329503,1.8132933034813163,0.5186887793266806,0.13605267965033363,0.01920281889033504,0.003435827971600247,0.00039513485398856574,1.854897990938298e-05,1.9572325982153416e-07,-2.5067947717616335e-11,0.0,0.0,1.6370904631912708e-11,-1.7763568394002505e-11,0.0,-2.071942617476452e-11,4.4565240386873484e-11,-2.390265763096977e-11,2.5579538487363607e-11,2.731326276261825e-11,0.0,0.0,3.285549610154703e-11,0.0,0.0,0.0,0.0,0.0,0.0,9.555378710501827e-11,-1.50407686305698e-10,0.0,5.502442945726216e-11,0.0,0.0,0.0,0.0,6.824052434240002e-11,-7.105427357601002e-11,7.392486622848082e-11
831.0516452468144,1703.9721488279783,180.50552286876638,101.8265501050139,23.694319879074442,16.364221143705436,3.4073888115769364,3.341213424050693,0.6156158013615709,1.3933233339776052,0.10010095771787064,0.16648881039645858,0.019388224772853846,0.05862136251380434,0.00258158561507571,0.00010294752621575753,4.1636042169557186e-05,6.698769539070781e-07,1.0027179087046534e-10,0.0,0.0,0.0,0.0,0.0,0.0,0.0,0.0,0.0,0.0,0.0,0.0,0.0,0.0,0.0,0.0,0.0,0.0,0.0,0.0,0.0,0.0,0.0,0.0,0.0,0.0,0.0,0.0,0.0,0.0
1833.644620046174,2319.1977581053707,106.7924055276464,165.53270277258616,23.825581961867897,29.008159740684277,6.813865252115505,7.766220580765548,1.7497245418038005,2.1645376589117404,0.42344000078364274,0.06304152577331479,0.742783145314263,0.1968598770981771,0.058677305347856645,0.0047762265776327695,0.010734160082847666,0.0005388758950175543,1.6408726537520124e-06,0.0,-1.503508428868372e-11,-1.6370904631912708e-11,0.0,0.0,2.071942617476452e-11,0.0,2.390265763096977e-11,0.0,-5.46265255252365e-11,2.9103830456733704e-11,-3.0951241569709964e-11,3.285549610154703e-11,0.0,0.0,0.0,0.0,0.0,0.0,0.0,0.0,0.0,5.502442945726216e-11,-5.7553961596568115e-11,6.014033715473488e-11,0.0,0.0,0.0,0.0,-7.392486622848082e-11
2612.0963074765564,1706.1973601404898,750.6384993333697,46.46268072398152,6.0189153109864435,2.792230325161654,2.00392670556505,0.21249769475559788,0.5317894513247836,0.10613207118012724,0.01618853924043151,0.005118657066759624,0.030516989952644735,0.0035844501107931137,0.005985986524336795,0.0009637520083742857,0.0021252394378734607,9.5020141088753e-06,7.04409330865019e-09,4.126832209294662e-11,0.0,3.2741809263825417e-11,-1.7763568394002505e-11,0.0,2.071942617476452e-11,2.2282620193436742e-11,0.0,0.0,-5.46265255252365e-11,2.9103830456733704e-11,3.0951241569709964e-11,0.0,0.0,0.0,0.0,0.0,0.0,0.0,0.0,0.0,0.0,0.0,0.0,0.0,0.0,0.0,0.0,0.0,0.0
950.6053176590508,2458.6161786734,175.60030397854263,57.956707690746725,55.38697802665317,11.716215866836137,7.309502653688753,2.4369274852801937,1.5875209145731617,0.2936478261144657,0.06787180186825026,0.7322168026323652,0.15925263227813957,0.039984575312701054,0.035589174177857785,0.008207663818097899,0.0018156129179374147,0.00016343549305020133,1.6686980757185665e-06,1.1362544682924636e-08,0.0,0.0,-1.7763568394002505e-11,7.685230229981244e-11,-8.287770469905809e-11,4.4565240386873484e-11,0.0,-2.5579538487363607e-11,2.731326276261825e-11,-5.820766091346741e-11,-3.0951241569709964e-11,6.571099220309407e-11,-3.481659405224491e-11,7.366907084360719e-11,0.0,-8.208189683500677e-11,8.645884008728899e-11,4.547473508864641e-11,-9.555378710501827e-11,1.0027179087046534e-10,-5.255174073681701e-11,0.0,1.1510792319313623e-10,0.0,0.0,0.0,-1.3648104868480004e-10,0.0,2.956994649139233e-10
440.55802473537005,2044.8615712737655,155.5508138560583,51.90310187720206,3.745257144627999,3.1183531356255116,0.9239361395765968,0.7479766911870911,0.1878961780313091,0.024247163903964974,0.00013096695755621113,0.00014249389118958788,0.0,0.0,0.0,0.0,0.0,0.0,0.0,0.0,0.0,0.0,0.0,0.0,0.0,0.0,0.0,0.0,0.0,0.0,0.0,0.0,0.0,0.0,0.0,0.0,0.0,0.0,0.0,0.0,0.0,0.0,0.0,0.0,0.0,0.0,0.0,0.0,0.0
669.5944294830542,2446.9609687658976,154.72815978568235,115.39093301289904,11.184739029198056,12.680918032754562,3.6846539138687433,5.021350152094328,1.4588523361167631,1.3182949461956923,0.3633871614360942,0.5016571509878531,0.12996136384657575,0.0243633213249268,0.006076063004599064,0.1419456869515443,0.0026012860699609064,0.03664731477783789,0.004916378010108247,0.007988266945062605,0.0016816072414940209,9.508535731583834e-05,4.4376946561897057e-07,2.497699824743904e-09,0.0,0.0,0.0,0.0,0.0,0.0,0.0,0.0,0.0,0.0,0.0,0.0,0.0,0.0,0.0,0.0,0.0,0.0,0.0,0.0,0.0,0.0,0.0,0.0,0.0
975.8714926799428,2723.9302840262753,114.53863599106882,104.72262233760466,24.241041711471553,15.291095556087384,6.308833401599202,2.779479681311159,1.533445216755041,0.44327081964502213,0.3633136450280574,0.061269642409570224,0.012586608094977692,0.0895421374370926,0.01578483796203045,0.0033405760830191866,0.008306350992995704,0.005258558985588024,0.002954578295174315,0.00019023302991172386,2.6571775094907935e-05,1.3398275768849999e-06,4.334310688136611e-09,0.0,4.143885234952904e-11,0.0,0.0,0.0,0.0,0.0,-6.190248313941993e-11,0.0,6.963318810448982e-11,0.0,7.781864042044617e-11,-4.1040948417503387e-11,4.3229420043644495e-11,-4.547473508864641e-11,-9.555378710501827e-11,5.013589543523267e-11,-1.5765522221045103e-10,5.502442945726216e-11,5.7553961596568115e-11,6.014033715473488e-11,-6.278355613176245e-11,0.0,6.824052434240002e-11,-1.4210854715202004e-10,-1.4784973245696165e-10
694.0602684390676,2177.9993212223662,67.61390111531114,53.596066435343346,12.005482379365162,3.328858724451493,2.4804661234528,0.27447627309697964,0.42332773987146766,0.015191947181847354,0.06724286310256389,0.0023036581837914127,0.011299979863821363,0.0018573535198811442,0.00023991899712427767,1.7046129755726724e-05,5.950937520537991e-09,1.1368683772161603e-11,0.0,0.0,0.0,0.0,0.0,0.0,0.0,0.0,0.0,0.0,0.0,0.0,0.0,0.0,0.0,0.0,0.0,0.0,0.0,0.0,0.0,0.0,0.0,0.0,0.0,0.0,0.0,0.0,0.0,0.0,0.0
847.3073685896261,3000.279652082445,215.82887831786763,69.2851531558797,51.32037241603712,2.4576071945612057,5.757615564898288,0.6487325388491172,0.08367648723398702,0.012223311108755297,0.0021032124131465935,0.5070651183700647,0.0016101274106006258,0.00011165195610374212,1.7978527466766536e-06,7.827338777133264e-10,-2.0520474208751693e-11,2.2737367544323206e-11,-2.5067947717616335e-11,0.0,0.0,0.0,3.552713678800501e-11,0.0,-4.143885234952904e-11,0.0,4.780531526193954e-11,0.0,-5.46265255252365e-11,0.0,6.190248313941993e-11,0.0,-6.963318810448982e-11,0.0,7.781864042044617e-11,0.0,-8.645884008728899e-11,0.0,9.555378710501827e-11,0.0,-1.0510348147363402e-10,0.0,1.1510792319313623e-10,0.0,-1.255671122635249e-10,0.0,1.3648104868480004e-10,0.0,-1.4784973245696165e-10
686.0523436500534,2196.1651272773734,138.0086445778531,83.30744688143909,31.365641386186837,7.521750168469225,11.456834000033552,2.244830070264925,2.0606183311452924,0.7384542961508487,0.21346309321219792,0.38111785961768874,0.05292294060268432,0.011411627754569054,0.07412839332818066,0.023593845069285635,0.005748291773926439,0.00018248399555886863,1.404768934776257e-05,1.0449139153934084e-07,0.0,0.0,0.0,0.0,0.0,0.0,0.0,0.0,0.0,0.0,6.190248313941993e-11,-6.571099220309407e-11,6.963318810448982e-11,0.0,0.0,-8.208189683500677e-11,0.0,0.0,-9.555378710501827e-11,0.0,0.0,1.1004885891452432e-10,0.0,0.0,-1.255671122635249e-10,-6.548361852765083e-11,2.0472157302720007e-10,0.0,0.0
1064.1014315868629,2536.919242688001,151.5724783168494,122.53204488423967,46.572398129831015,15.717932021918386,18.98890897724766,5.66244042706785,4.351854431553079,1.7301955417606223,0.46517172409670593,0.13359235490429455,1.6105382459791429,0.016246236802544445,0.0035806512036060667,0.0007735701267392869,3.8278789986634365e-05,1.5586465451633558e-07,5.013589543523267e-11,-2.751221472863108e-11,0.0,0.0,0.0,3.842615114990622e-11,-4.143885234952904e-11,4.4565240386873484e-11,-4.780531526193954e-11,5.1159076974727213e-11,0.0,-5.820766091346741e-11,0.0,0.0,0.0,0.0,0.0,0.0,0.0,0.0,0.0,1.50407686305698e-10,-1.0510348147363402e-10,0.0,0.0,1.8042101146420464e-10,-1.255671122635249e-10,-6.548361852765083e-11,0.0,0.0,0.0
544.6002166209679,2143.8575167315175,154.56869331194554,160.3881881571715,35.7302465768411,37.803162261134275,1.806895044036679,10.474616215816468,2.4022259515347173,0.5727158323047661,1.0882008881679042,0.03270917479335367,0.010770720142971868,0.11700311618187698,0.023830490064966625,0.0058150724258894115,0.007605490407570414,0.0037948003296151,0.003646304385085841,0.0053435230943250644,0.0052706786103158265,0.005613728604657808,0.006179474141276842,0.006712116214544039,0.007243695793590632,0.00779016360775131,0.008356588486378769,0.00894282559045223,0.009549077907024639,0.010175028291996568,0.010820963475794088,0.011486653065617247,0.012172341590854785,0.012877770255727228,0.01360321268779785,0.014348379739885786,0.015113576696961672,0.015898481706244638,0.016703433548713065,0.017528076081134714,0.018372783243052027,0.019237162864556012,0.020121625779978558,0.021025742056508534,0.02194996115949266,0.02289381365699228,0.02385778938159433,0.024841377666007247,0.02584511044628357
695.0376649847476,2820.8692523101363,124.31377320410633,173.51680651799074,32.874867856351955,26.417425137948157,12.606965195586042,5.954083913857744,4.043212900775643,0.8341563079875414,1.580631109348701,0.1155833287657515,0.45048430314054144,0.014445464497839566,0.0031811240669412655,0.13319706814422716,0.00355305113993154,0.0003232708422729047,7.013460276539263e-06,2.4128212317009456e-08,3.007016857736744e-11,-3.2741809263825417e-11,3.552713678800501e-11,0.0,-4.143885234952904e-11,0.0,0.0,2.5579538487363607e-11,0.0,0.0,0.0,0.0,0.0,0.0,-3.8909320210223086e-11,8.208189683500677e-11,0.0,-4.547473508864641e-11,4.7776893552509136e-11,0.0,0.0,-1.1004885891452432e-10,1.1510792319313623e-10,-6.014033715473488e-11,0.0,0.0,-6.824052434240002e-11,0.0,0.0
1317.4669677477455,4155.336704050307,155.10233881530695,76.81767110069177,56.71434949595374,15.011302977087325,8.895686567756087,5.075716860454804,1.418746050676873,1.0791401225715163,0.21768906568095758,0.3435992729183681,0.05709558238038426,0.038859219930600375,0.018262742703711865,0.003488425469640788,0.0002959570625478136,8.793199413048569e-06,6.517666406580247e-10,-2.751221472863108e-11,0.0,3.2741809263825417e-11,-3.552713678800501e-11,0.0,0.0,0.0,0.0,5.1159076974727213e-11,-5.46265255252365e-11,0.0,0.0,0.0,0.0,0.0,0.0,0.0,0.0,9.094947017729282e-11,-9.555378710501827e-11,0.0,0.0,0.0,0.0,0.0,0.0,0.0,0.0,1.4210854715202004e-10,-1.4784973245696165e-10
1307.7115881803022,1813.2444047629742,153.9967617718318,83.99199090165325,33.52354457579551,9.060147082947879,13.397206248654328,2.0339229337821507,3.4559215969960917,0.7296577850734138,0.17289878628102429,0.7110227478798379,0.05352421002413621,0.012060837383614853,0.2535899842153242,0.010877684818296984,0.07053598385243731,0.021656246133261448,0.010864064549991781,0.005900296175013864,0.0028688081384302677,9.960705028788652e-05,6.323830348264892e-09,5.763922672485933e-11,4.143885234952904e-11,-2.2282620193436742e-11,0.0,2.5579538487363607e-11,0.0,0.0,0.0,-3.285549610154703e-11,3.481659405224491e-11,-3.6834535421803594e-11,0.0,0.0,-4.3229420043644495e-11,1.8189894035458565e-10,-9.555378710501827e-11,1.0027179087046534e-10,0.0,0.0,0.0,0.0,6.278355613176245e-11,6.548361852765083e-11,-1.3648104868480004e-10,1.4210854715202004e-10,0.0
522.9995545988074,2594.743242615147,182.87938228675813,31.255040308566095,28.753333176870882,7.4733503780043975,2.0979524209614624,1.4046277720183298,0.9620744361920401,0.2761544528948434,0.07692859333053548,0.020158681324119243,0.00681696638977769,0.15189508750336245,0.002046563833488335,9.925664130605583e-05,2.339990714972373e-06,2.2737367544323206e-10,2.5067947717616335e-11,-2.751221472863108e-11,1.503508428868372e-11,0.0,0.0,0.0,0.0,0.0,0.0,0.0,0.0,0.0,0.0,0.0,0.0,0.0,0.0,0.0,0.0,0.0,0.0,0.0,0.0,0.0,0.0,0.0,0.0,0.0,0.0,0.0,0.0
932.91310272818,3119.9872467108626,124.49803983476215,104.08114480571521,25.685844603990233,7.875946691448917,6.444592384275978,0.9032817376862567,1.3588426395461966,0.07699535313167871,0.26066730566088836,0.038127448210502735,0.006709681226624298,0.0007059339550323784,0.008320634518355519,0.0014724029074386635,0.0030776989925129783,2.712602054089075e-05,6.129113216957194e-09,1.375610736431554e-11,0.0,0.0,0.0,0.0,0.0,0.0,0.0,0.0,0.0,0.0,0.0,0.0,0.0,0.0,0.0,0.0,0.0,0.0,0.0,0.0,0.0,0.0,0.0,0.0,0.0,0.0,0.0,0.0,0.0
645.2746556638556,3406.7888310414455,120.81943748093806,55.20389217375737,28.064403596455236,4.706384373708715,3.4940688150539074,0.32562315312247847,0.029459957366867684,0.9937813549991006,0.16912631260521493,0.03430482561032022,0.018868164803365062,0.006283627975790296,0.001198457906184558,0.00012541772548502195,1.770916924215271e-08,3.410605131648481e-11,0.0,1.375610736431554e-11,0.0,3.2741809263825417e-11,-3.552713678800501e-11,3.842615114990622e-11,-6.215827852429356e-11,0.0,0.0,0.0,0.0,0.0,0.0,0.0,0.0,0.0,0.0,0.0,0.0,0.0,0.0,0.0,0.0,0.0,0.0,0.0,0.0,0.0,0.0,0.0,0.0
572.0699720884369,2052.809638357475,69.30595880667596,71.70140097444892,13.018037536333111,7.422412937019544,3.0629956857395655,1.0649687643308425,0.6267221024488094,0.1716045116991154,0.1154975546563719,0.02095298952963276,0.006809329241264095,0.045393305306788534,0.010531742216500106,0.0013594094891686836,2.8988966107590386e-05,3.1661784305470064e-08,-1.2533973858808167e-11,0.0,0.0,0.0,0.0,0.0,0.0,0.0,0.0,0.0,0.0,0.0,0.0,0.0,0.0,0.0,0.0,0.0,0.0,0.0,0.0,0.0,0.0,0.0,0.0,0.0,0.0,0.0,0.0,0.0,0.0
995.6011279562933,3735.2589993953143,136.44411631199915,207.0212859793653,27.314859206733843,19.216969668357706,10.765079307710323,3.021984558102986,3.41062232473962,0.3774231033376054,0.982187868754238,0.2173398391748833,0.046948910141964006,0.009843991036177613,0.008250225395556754,0.0752016029071001,0.005632615316272904,0.012512613648141269,0.002151857486950348,0.00015493071782657353,1.2037088481520186e-06,4.618232196662575e-08,-3.552713678800501e-11,1.921307557495311e-11,-4.143885234952904e-11,8.913048077374697e-11,-4.780531526193954e-11,0.0,0.0,0.0,6.190248313941993e-11,0.0,3.481659405224491e-11,-7.366907084360719e-11,0.0,4.1040948417503387e-11,4.3229420043644495e-11,0.0,0.0,0.0,5.255174073681701e-11,-5.502442945726216e-11,1.1510792319313623e-10,-6.014033715473488e-11,-2.511342245270498e-10,1.3096723705530167e-10,-6.824052434240002e-11,0.0,1.4784973245696165e-10
826.3727321592334,4137.250917299614,172.52097838654237,186.46844426082407,30.833609220609475,28.08112484306912,7.485931379897465,7.295490613819311,1.7847769374561153,1.801502926752164,0.2841237474123943,0.6845921944682232,0.060449206964818814,0.009813018361455761,0.21207666489178223,0.05639771191010823,0.00262185401828674,0.015228454094540211,0.012943044098250311,0.015393970061495565,0.006723105505699323,0.004060243778440054,8.216431979235495e-06,5.571791916736402e-10,0.0,0.0,0.0,0.0,0.0,0.0,0.0,0.0,0.0,0.0,0.0,0.0,0.0,0.0,0.0,0.0,0.0,0.0,0.0,0.0,0.0,0.0,0.0,0.0,0.0
574.6750713338752,2048.646615156552,96.86220892447608,56.493776127976616,18.502992030866068,6.777341789946149,4.644782343942637,2.0227755871360387,1.1135456711718348,0.18194098589037822,0.7978381052188865,0.13526056412717935,0.023533575357248537,0.03684282583708409,0.004774551083244205,0.0006820498244906048,2.8951967692592007e-05,2.492402018106077e-06,0.0,0.0,-1.503508428868372e-11,0.0,0.0,0.0,0.0,0.0,0.0,0.0,0.0,0.0,0.0,0.0,0.0,0.0,0.0,0.0,0.0,0.0,0.0,0.0,0.0,0.0,0.0,0.0,0.0,0.0,0.0,0.0,0.0
591.9373920266662,1197.8814720515884,122.60244428309477,33.94272699160456,17.970433241402702,3.3753815696727543,2.4473440936665156,0.6793438565836141,0.2896203138655551,0.02327757568036759,0.0031574292203799814,0.000311138765709984,1.7644561012275517e-05,8.301867637783289e-09,0.0,0.0,0.0,0.0,0.0,0.0,0.0,-3.2741809263825417e-11,0.0,3.842615114990622e-11,4.143885234952904e-11,-4.4565240386873484e-11,4.780531526193954e-11,-5.1159076974727213e-11,0.0,2.9103830456733704e-11,0.0,0.0,0.0,-7.366907084360719e-11,7.781864042044617e-11,-4.1040948417503387e-11,0.0,-9.094947017729282e-11,9.555378710501827e-11,-5.013589543523267e-11,0.0,0.0,0.0,2.405613486189395e-10,-2.511342245270498e-10,0.0,1.3648104868480004e-10,-2.1316282072803006e-10,1.4784973245696165e-10
644.0219115067987,4011.690110720655,84.95138736482204,105.65785893870498,18.45552229895881,2.5132755494141747,0.37634508626410934,0.07301726521973251,0.016280329315748077,0.003833438466244843,0.003096405711261241,0.002396083361645651,0.0021030733890370357,0.0024215163648477755,0.002685885354594575,0.0030088136751373895,0.0033468506418330435,0.00370929578821233,0.004088350895585791,0.004486989907718453,0.004904114474868493,0.005339892040865379,0.005794129265268566,0.006267136965220743,0.006758561866831769,0.007268495916832762,0.007796912825313029,0.008343936715959899,0.008909433085761975,0.009493545774603263,0.010096121363574184,0.010717323159610714,0.011356977658749656,0.012015268870982254,0.012692001971288391,0.013387382908717882,0.01410119430119039,0.014833665272817598,0.01558455464845565,0.0163541159632814,0.017142083013084175,0.017948734980109293,0.018773779395075962,0.019617522323301273,0.020479643794431013,0.02136047799285734,0.022259676211149326,0.023177601988777496,0.024113876645230903
562.0895940466128,3179.7629627953,71.67404035183438,41.2372561808379,15.311937747163853,2.354472189264925,3.092056405367657,0.40471874506238237,0.38385148088178767,0.045836189826331974,0.005878112311336281,0.0006161039086691744,2.240121688146246e-05,2.1391315385699272e-09,3.285549610154703e-11,0.0,0.0,0.0,0.0,0.0,0.0,0.0,0.0,0.0,0.0,0.0,0.0,0.0,0.0,0.0,0.0,0.0,0.0,0.0,0.0,0.0,0.0,0.0,0.0,0.0,0.0,0.0,0.0,0.0,0.0,0.0,0.0,0.0,0.0
1713.9697027551777,2710.290963685312,255.39925595061135,88.81028557497689,46.575630485823666,8.409649090081075,7.816982614457686,1.9165025058157426,1.4813766513298958,0.20848611659857852,0.8877220766488563,0.017760803654482515,0.20496883025415968,0.05951027132687159,0.0031431309240588234,0.0004162533363114562,2.533293582018814e-06,1.1829115464934148e-07,1.1961171253460634e-07,0.0,-1.503508428868372e-11,0.0,0.0,0.0,4.143885234952904e-11,-2.2282620193436742e-11,2.390265763096977e-11,0.0,0.0,0.0,0.0,0.0,0.0,0.0,0.0,0.0,0.0,0.0,0.0,0.0,0.0,0.0,0.0,0.0,0.0,0.0,6.824052434240002e-11,0.0,0.0
1087.9919439388236,3069.0169062204204,184.5506391357702,97.73142177762679,29.66499673013567,16.30068651327747,7.826029956533461,3.423512632434722,1.7563020790417454,0.7448684738265001,0.3687897027282929,0.057060354325358276,0.009387392751136758,0.2198928762518335,0.04864425054549315,0.0059714488693316525,8.998268981486035e-06,9.278824109060224e-06,5.102330078443629e-07,0.0,0.0,0.0,0.0,0.0,0.0,0.0,0.0,0.0,0.0,0.0,0.0,0.0,0.0,0.0,0.0,0.0,0.0,0.0,0.0,0.0,0.0,0.0,0.0,0.0,0.0,0.0,0.0,0.0,0.0
390.36192948815966,3700.533398167533,134.23395007415024,24.218084700179702,46.78047483156058,13.300170436636108,3.9330541268450645,1.2682944408140884,0.08801937802064685,1.060114279364825,0.29881545935234044,0.01913437640291704,0.06020899213439179,0.02284733952546958,0.002076830160433474,7.517291442127316e-05,8.280442273189692e-06,2.6012685339082964e-07,6.592870249733096e-09,6.87805368215777e-11,1.503508428868372e-10,3.2741809263825417e-11,0.0,0.0,0.0,0.0,0.0,0.0,0.0,0.0,0.0,0.0,0.0,0.0,0.0,0.0,0.0,0.0,0.0,0.0,0.0,0.0,0.0,0.0,0.0,0.0,0.0,0.0,0.0
987.594978650194,1468.1915920098245,87.10458172083975,129.89625961824186,20.77192307694844,15.544830156870376,10.30769318932272,3.4125620641248133,4.055371901508067,1.163455369822259,1.0346673998393783,0.2319697964118177,0.0569266131961399,0.5670419465895975,0.009973640368855285,0.002675332070566583,0.10311552870720675,0.006489496331596456,0.02323963359594927,0.0008058285600327508,1.5640186290966085e-05,2.9457805794663727e-07,1.5987211554602254e-09,1.921307557495311e-11,-2.071942617476452e-11,0.0,0.0,0.0,0.0,0.0,0.0,0.0,-3.481659405224491e-11,0.0,0.0,0.0,0.0,0.0,0.0,0.0,0.0,0.0,-5.7553961596568115e-11,0.0,6.278355613176245e-11,0.0,0.0,0.0,7.392486622848082e-11
855.4650540177649,3893.029616832735,170.42931255696914,95.69517356339225,20.384151918974226,9.994582016966888,4.652570426435659,1.443170217282841,0.9330907219751055,0.15335364828297315,0.031725089101541926,0.30521667447919754,0.05072247463004942,0.008422415994573385,0.0019922924679178777,0.00022431057971061819,2.2223673568078084e-08,4.843059286940843e-09,0.0,0.0,3.007016857736744e-11,-3.2741809263825417e-11,3.552713678800501e-11,0.0,-4.143885234952904e-11,0.0,0.0,5.1159076974727213e-11,0.0,0.0,0.0,-6.571099220309407e-11,0.0,0.0,7.781864042044617e-11,-8.208189683500677e-11,8.645884008728899e-11,0.0,-9.555378710501827e-11,0.0,0.0,1.1004885891452432e-10,0.0,0.0,0.0,-1.3096723705530167e-10,0.0,0.0,1.4784973245696165e-10
505.49527288631447,2626.273465012342,80.64495097517579,128.24655321111663,19.576114564188828,14.870497592823085,8.098286511210858,2.112274747011611,2.4962772020857074,0.5960291177698309,0.39116190344259394,0.05578661904053206,0.00839401268493134,0.001036143752571661,1.6720326243557793e-06,4.788489604834467e-10,-1.0260237104375847e-11,2.2737367544323206e-11,-2.5067947717616335e-11,2.751221472863108e-11,1.503508428868372e-11,0.0,0.0,0.0,0.0,0.0,-2.390265763096977e-11,0.0,0.0,0.0,0.0,0.0,0.0,0.0,0.0,4.1040948417503387e-11,0.0,0.0,0.0,0.0,0.0,0.0,0.0,0.0,0.0,0.0,0.0,0.0,0.0
520.0988218033386,2208.002330436825,162.30022116648684,168.08209018074444,28.166288726326115,15.179134947320563,5.7854324609851915,3.153706172514603,2.0796545969772637,0.6360049343938954,0.05162214225117623,0.526950807871799,0.14573240278537014,0.0034825265902327374,0.01543014051523528,0.0041783105615422755,0.00019119547590662478,3.881086740875617e-05,5.26426902069943e-10,0.0,0.0,0.0,0.0,0.0,0.0,0.0,0.0,0.0,0.0,0.0,0.0,0.0,0.0,0.0,0.0,0.0,0.0,0.0,0.0,0.0,0.0,0.0,0.0,0.0,0.0,0.0,0.0,0.0,0.0
818.6868241493505,3429.2732408084903,114.97833698236661,177.89358642557158,30.90400859568598,20.924539570343768,6.978629113633019,5.361189399951627,2.619571541026403,1.6437444703346955,0.42730678724939253,0.11286334354906558,0.9170497282511292,0.04926081298617646,0.015068674474832733,0.3086856313698263,0.05534155655499262,0.01703873342648876,0.003837298231871955,0.004914259389579456,0.007417031072293412,0.0087580349536438,0.007633198624290571,0.008337197475839275,0.008973758410405708,0.009651827904235688,0.010350835878341513,0.011077162380956906,0.011827794740383979,0.012603389623109251,0.013403192875443892,0.014228150027179254,0.015077053335943447,0.0159512823465775,0.01684937622360394,0.017772879404674313,0.018720161690623627,0.019692941168614198,0.02068940956428378,0.021711467588261257,0.022757119845948637,0.023828458924072038,0.024923292249212636,0.0260438930449709,0.027187927262048106,0.028357835151837207,0.02955102460668968,0.030770220789122504,0.03201258456246592
1266.204793885112,2241.1422531706075,556.8165006509546,156.82364066893524,14.81449196196553,3.4487855148090603,0.9381088343895385,0.059197774419317284,0.3316074556675517,0.01208026038011667,0.002573239840359065,0.12678509686418238,0.0014347485375765245,0.03786674693401437,0.002092925591568928,0.010240514615361462,0.002836488554407879,0.0002850018745448324,3.7058699149383756e-06,1.0729763744166121e-08,0.0,-3.2741809263825417e-11,3.552713678800501e-11,0.0,0.0,-6.684786058031023e-11,4.780531526193954e-11,0.0,5.46265255252365e-11,-5.820766091346741e-11,6.190248313941993e-11,-3.285549610154703e-11,0.0,0.0,3.8909320210223086e-11,0.0,0.0,9.094947017729282e-11,-9.555378710501827e-11,2.0054358174093068e-10,-2.1020696294726804e-10,2.2009771782904863e-10,0.0,0.0,0.0,-1.3096723705530167e-10,6.824052434240002e-11,-1.4210854715202004e-10,1.4784973245696165e-10
512.8366560601269,1532.4092542096587,384.27733181017487,157.1893761634094,19.220075805886324,4.140496599431572,0.852695239081811,0.17723999084466868,0.3185674062777082,0.044873673964502814,0.008220761818847677,0.0017660887126567104,0.06571078515875683,0.018533244656282477,0.00311735191041862,0.010472969909415042,0.005364382317281979,0.00401533520744124,0.00576554337072821,0.0065576687555903845,0.006899819587061984,0.0075102384471392725,0.008151794474997587,0.00881738795237652,0.009508406399390879,0.010226237131064408,0.010969225669072102,0.01173930282902802,0.012534394966223772,0.013356717710848898,0.014203908551735367,0.01507849097424696,0.01597776666670825,0.016904595631785924,0.01785596940331402,0.01883505887735737,0.01983851677314874,0.020869871332251932,0.021925408741395813,0.023009033143807756,0.02411664530805524,0.02525254431202484,0.02641222647312702,0.02760040483690318,0.028812152236611155,0.030052614718442783,0.03131642259850764,0.032609173956643644,0.033925037558816484
459.5206798994225,2033.1358623256365,102.23727680389061,36.641580633470994,29.335669213308705,6.2508391036208195,3.776429544978839,1.1734368517068106,1.1708802416258663,0.30108600295807264,0.0827370752368779,0.2833704400497936,0.06666065090001894,0.04574023638269864,0.026077738710256426,0.006104300467086432,0.0016051175051075006,0.000281639916011045,2.2484131676492325e-05,3.1897661756374873e-07,0.0,0.0,-1.7763568394002505e-11,0.0,0.0,0.0,0.0,0.0,0.0,0.0,-3.0951241569709964e-11,3.285549610154703e-11,-3.481659405224491e-11,7.366907084360719e-11,-7.781864042044617e-11,0.0,4.3229420043644495e-11,0.0,0.0,0.0,0.0,-5.502442945726216e-11,5.7553961596568115e-11,-6.014033715473488e-11,0.0,0.0,1.3648104868480004e-10,0.0,0.0
685.7252012660272,1948.0143700084463,111.1887387426151,61.4618036470132,27.206921317876777,6.38147490164738,8.631143556337918,2.135182268079916,1.191250674285783,0.6663358141695426,0.22040002187381447,0.2220785257323996,0.03659372444104747,0.006834235791757237,0.07615506076854217,0.018437961104268652,0.00894925877352648,0.005821029753860785,0.008506339951651398,0.008734210547686416,0.00759336010514744,0.008345028101757634,0.009309444877203532,0.010079003800683495,0.010862873412179397,0.011681171970394644,0.01253100449946487,0.013409431159061569,0.014319022769740286,0.015256950166076422,0.016226365372119744,0.01722449537544435,0.018253528477885084,0.019310506152578455,0.020399249493237903,0.02151571515582873,0.022664173576600888,0.023840130279495497,0.02504830998577745,0.02628373646371074,0.02755164396364762,0.028846557308042975,0.030174200367127924,0.03152856537849402,0.0329159465821931,0.03432978910859674,0.035776916157857386,0.03725020114586641,0.0387570800351682
798.0385695455756,4461.779068327836,212.40616856835146,83.54892399246705,69.25455267513343,21.21699972783972,9.444883367432226,7.561186695386368,1.2203274797059862,0.3524784451933556,2.1403960570430627,0.2923185115485012,0.04443136238450052,0.009116581502894405,0.0014495012486008818,0.00014053681047698774,3.737609432619138e-06,3.410605131648481e-11,-1.2533973858808167e-11,1.375610736431554e-11,-3.007016857736744e-11,3.2741809263825417e-11,1.7763568394002505e-11,0.0,-2.071942617476452e-11,0.0,-9.561063052387908e-11,1.0231815394945443e-10,0.0,-5.820766091346741e-11,6.190248313941993e-11,-6.571099220309407e-11,3.481659405224491e-11,0.0,-3.8909320210223086e-11,-4.1040948417503387e-11,0.0,9.094947017729282e-11,0.0,-1.0027179087046534e-10,1.5765522221045103e-10,5.502442945726216e-11,0.0,-1.2028067430946976e-10,6.278355613176245e-11,0.0,0.0,0.0,0.0
1095.0697345751275,2274.5081571576357,158.85877516442974,170.23756097535875,15.734284910571773,18.53287389659272,6.370761672924033,4.716766177176623,2.2050343572789473,0.42866028099115283,0.08948419287185061,1.5301893732101917,0.07392821382268266,0.39832426579960156,0.09736775971845191,0.02888602297593934,0.009046335637520997,0.03152862295792147,0.00191391465799029,3.1237107236847805e-05,3.007016857736744e-10,0.0,-1.7763568394002505e-11,-3.842615114990622e-11,0.0,4.4565240386873484e-11,-4.780531526193954e-11,5.1159076974727213e-11,0.0,0.0,6.190248313941993e-11,-6.571099220309407e-11,-6.963318810448982e-11,7.366907084360719e-11,3.8909320210223086e-11,4.1040948417503387e-11,-8.645884008728899e-11,9.094947017729282e-11,-9.555378710501827e-11,0.0,0.0,0.0,0.0,0.0,0.0,0.0,0.0,0.0,0.0
570.0485898985823,2267.5994592202214,63.58580833990146,47.13813307590681,27.65383754388813,7.7912820010351425,2.9802878621342757,3.134670458700839,0.9254196187542902,0.43338101961126085,0.04152030033827714,0.005493687090165622,0.4319622016751623,0.12036263546906412,0.02500628997501053,0.012912034072087408,0.005979384674304811,0.0003424430360610131,6.809993772094458e-05,1.4438135167438304e-06,1.3291014511196408e-08,0.0,3.552713678800501e-11,0.0,0.0,-2.2282620193436742e-11,0.0,5.1159076974727213e-11,-5.46265255252365e-11,0.0,6.190248313941993e-11,0.0,-3.481659405224491e-11,0.0,7.781864042044617e-11,-4.1040948417503387e-11,4.3229420043644495e-11,0.0,0.0,0.0,0.0,-1.1004885891452432e-10,1.1510792319313623e-10,0.0,0.0,0.0,-1.3648104868480004e-10,1.4210854715202004e-10,-7.392486622848082e-11
1341.7222102700514,2821.4731479417596,338.9093672189503,304.2243465309666,14.775499427608509,2.4717141674209415,0.7334681188261243,0.5503905542582288,0.2708038895714253,0.12858624216733006,0.022447440309463218,0.11046257043676633,0.0024666134862627587,0.00023246975615620613,1.8327074997159798e-05,3.27827365254052e-09,-2.0520474208751693e-11,2.2737367544323206e-11,2.5067947717616335e-11,0.0,0.0,4.9112713895738125e-11,1.7763568394002505e-11,-3.842615114990622e-11,2.071942617476452e-11,0.0,0.0,0.0,0.0,0.0,0.0,0.0,0.0,0.0,0.0,0.0,0.0,0.0,0.0,0.0,0.0,0.0,0.0,0.0,0.0,0.0,0.0,0.0,0.0
607.9290441447157,3212.0406460640615,123.12970874318268,115.22263355367636,18.48630592327146,4.198169790426618,1.0983277660622264,0.3230549606257682,0.0938570575160611,0.02367283693411082,0.00644864026278924,0.0016234407148658647,0.002234501531006572,0.0029494952395907603,0.0027580811346297196,0.0030419184467973537,0.0033891255274056675,0.003755394175186666,0.004140493304760184,0.004544266775951655,0.004966714085725243,0.005408045492004021,0.005868045960255586,0.006346942259597199,0.006844488787322689,0.0073609507862784085,0.007896042644119916,0.008450071106835821,0.009022707468488989,0.009614303125999868,0.010224483281149332,0.010853646855480292,0.011501370082100948,0.012168102357009047,0.012853367871343835,0.013557669601482303,0.014280476648877993,0.015022348588900059,0.015782696414703423,0.016562139319262315,0.017360027168820125,0.01817704179256907,0.019012468911228098,0.019867056008820327,0.020740021641927342,0.021632181968016084,0.022542685360917858,0.02347241967015634,0.024420460068199645
396.49920672018646,1943.404352512911,83.49210714792719,48.86015712376491,27.41960881386339,7.419750314093108,5.054712675614667,1.8654551608648262,0.9834296744795381,0.1291676029250084,0.7033330413756858,0.1777519609133833,0.04892409600643077,0.011132183099107351,0.008122900376520192,0.001773720485175545,0.00012733467258385645,1.1677980182867032e-05,5.514948497875594e-09,-1.375610736431554e-11,1.503508428868372e-11,0.0,0.0,0.0,0.0,0.0,0.0,0.0,0.0,2.9103830456733704e-11,0.0,0.0,0.0,0.0,0.0,0.0,0.0,-4.547473508864641e-11,0.0,0.0,0.0,0.0,0.0,0.0,0.0,0.0,0.0,0.0,-7.392486622848082e-11
1078.5612345283807,3143.3812699886885,256.16844611440257,87.40335361826396,35.68042624114787,10.07527635590668,5.7033626414062155,2.7689024710724652,0.7948060224212554,0.07025306295054179,0.006540264456589284,1.2103661466012454,0.3055208983084867,0.08196426916401833,0.018221428625849967,0.010385396519723145,0.012491335656193314,0.0021762167875749583,0.00043403404237096765,8.191063125195797e-05,4.522282722518867e-06,3.6670826375484467e-09,3.552713678800501e-11,0.0,0.0,-2.2282620193436742e-11,2.390265763096977e-11,-2.5579538487363607e-11,1.09253051050473e-10,-8.731149137020111e-11,1.2380496627883986e-10,-6.571099220309407e-11,-3.481659405224491e-11,7.366907084360719e-11,-7.781864042044617e-11,0.0,8.645884008728899e-11,-9.094947017729282e-11,9.555378710501827e-11,5.013589543523267e-11,-2.1020696294726804e-10,1.1004885891452432e-10,5.7553961596568115e-11,0.0,-6.278355613176245e-11,1.3096723705530167e-10,-1.3648104868480004e-10,1.4210854715202004e-10,0.0
924.24574532478,2644.3763162849373,263.9235648801346,75.9264173130864,46.784205427607844,9.615574930396178,8.335149621965257,2.366713810249621,1.472877691835862,0.17078880244844186,0.02182080394749164,1.0469826246408047,0.015531813435387676,0.002406709398201201,0.0003004008071343378,2.3506133743467217e-05,7.992724704308785e-09,-2.2737367544323206e-11,0.0,1.375610736431554e-11,3.007016857736744e-11,-3.2741809263825417e-11,-1.7763568394002505e-11,0.0,2.071942617476452e-11,0.0,0.0,0.0,2.731326276261825e-11,0.0,-6.190248313941993e-11,9.85664883046411e-11,-1.0444978215673473e-10,7.366907084360719e-11,7.781864042044617e-11,-4.1040948417503387e-11,4.3229420043644495e-11,0.0,0.0,-1.0027179087046534e-10,0.0,0.0,0.0,0.0,0.0,-6.548361852765083e-11,0.0,1.4210854715202004e-10,0.0
818.4084065721987,2874.648717780875,105.63654836116996,181.45736050029336,19.83735340422362,11.728289244500047,7.473131404995513,1.2823894237726563,0.17519215336795924,0.030099907036856166,3.0612910151501183,0.013325711273864727,0.0012120345559196721,0.7718393877948984,0.14664027299468785,0.02761337505251049,0.007788743464715253,0.003319179097616143,0.00026415030291104813,3.4595784654811723e-06,1.2028067430946976e-09,-3.2741809263825417e-11,3.552713678800501e-11,0.0,-4.143885234952904e-11,0.0,0.0,0.0,0.0,0.0,0.0,0.0,0.0,0.0,0.0,0.0,0.0,0.0,0.0,0.0,0.0,0.0,0.0,0.0,0.0,0.0,0.0,0.0,0.0
546.2447713518466,2804.6323733328427,112.60143266035954,53.46562639325566,28.36686821084413,5.219608216069901,5.64640253996123,0.876168038138303,0.18896143273468624,1.2663081590740148,0.20166491801580833,0.03599260730743481,0.09342841699009341,0.015068742221046705,0.0030246836572018765,0.00034025117520286585,1.2840707256600581e-05,5.343281372915953e-10,2.5067947717616335e-11,1.375610736431554e-11,-1.503508428868372e-11,-4.9112713895738125e-11,5.3290705182007514e-11,0.0,-2.071942617476452e-11,4.4565240386873484e-11,-4.780531526193954e-11,0.0,0.0,0.0,0.0,0.0,0.0,0.0,0.0,0.0,0.0,0.0,0.0,0.0,0.0,0.0,0.0,0.0,0.0,0.0,0.0,0.0,0.0
1403.4621512462672,2814.9428817182334,180.97787407640027,109.05725703619623,66.65567284442682,27.141022244406486,27.503593898697375,6.9363992063983915,8.84941637318451,2.1480398770800093,3.2855345675699255,1.0077478205237185,0.9360232419169279,0.26444519899087027,0.044730907052525026,0.012202823124198403,0.23155008400573251,0.06396793484100272,0.019540744816168854,0.008543992539443934,0.013338282846603988,0.006729399665346136,0.00675281302875419,0.008146457381712935,0.00922464155058833,0.009538341873394529,0.010214738543879776,0.010936401685057717,0.011677909004731646,0.012443214480299503,0.013233233355833818,0.01404723002224273,0.014885868559133542,0.015748451651234063,0.016635717597921484,0.017546885944739188,0.018482780472197646,0.019442532902758103,0.020427057181962027,0.02143539252529081,0.022468547727214627,0.023525464812337304,0.024607252107955446,0.02571274976389759,0.026843170324184484,0.027997247379971668,0.02917630237590174,0.030378957660559536,0.03160664826310722
1128.2907798800825,2859.856391584446,213.04284094478874,121.04372978039441,42.13812951104708,8.721144411107161,5.438590090352363,1.7167789426707714,0.33582884931911394,0.6803430059489983,0.05389663550573687,0.10896399753687547,0.006786638348899032,0.022125812371086795,0.005850119347371674,0.0017508114208339975,4.133726406507776e-05,3.9850533539720345e-06,2.2346821992869081e-07,5.777565093012527e-10,-3.007016857736744e-11,3.2741809263825417e-11,-1.7763568394002505e-11,3.842615114990622e-11,0.0,-4.4565240386873484e-11,0.0,0.0,0.0,2.9103830456733704e-11,6.190248313941993e-11,-3.285549610154703e-11,-3.481659405224491e-11,7.366907084360719e-11,7.781864042044617e-11,-8.208189683500677e-11,0.0,0.0,0.0,-5.013589543523267e-11,0.0,5.502442945726216e-11,1.1510792319313623e-10,-1.2028067430946976e-10,0.0,0.0,0.0,-7.105427357601002e-11,0.0
828.5747607394374,2081.0941708527953,274.78262418611905,244.85188069492824,27.65439410992525,6.9705195104725135,4.794432113292771,1.230281453047155,2.2459859245341818,0.5585966714979804,0.36516461491842733,0.07154371399235515,0.1477401352296681,0.0416395436914172,8.213874025386758e-12,0.0,0.0,0.0,0.0,0.0,0.0,0.0,0.0,0.0,0.0,0.0,0.0,0.0,0.0,0.0,0.0,0.0,0.0,0.0,0.0,0.0,0.0,0.0,0.0,0.0,0.0,0.0,0.0,0.0,0.0,0.0,0.0,0.0,0.0
1273.5211518827705,3964.4618731431947,198.16747430374875,171.96545453734598,37.62051484319525,16.588077943848475,16.23718042828864,2.603769744081319,6.438475734202996,1.88259621612724,0.521856709589315,0.10073408592938904,0.653670822686081,0.1548841553303646,0.04218294663104416,0.025917092345252968,0.009173313202552436,0.0022558826003660215,0.007735503805633925,0.005173908777351244,0.009872243767972577,0.007079525545123033,0.006871243769523971,0.008115552669323733,0.008809289449459357,0.00944204730740239,0.010128156616417527,0.010838970143822735,0.011573361264083815,0.012332340789726004,0.013114885279151167,0.013922060274467185,0.014752736657897003,0.015608118775162438,0.016486940185870935,0.017390532038348283,0.018317479556458238,0.019269282438472146,0.020244372865192872,0.021244389553771725,0.022267600065674742,0.023315831750551297,0.024387183255214495,0.025483632820737512,0.026603098185546514,0.02774776671139989,0.028915371355935804,0.030108261839245642,0.031323973916073555
1527.5179165735678,1924.1765223568755,231.1405658384615,222.40691983165243,36.93439544456396,5.86769960150923,11.190241982345128,1.8309083125274128,4.1414523408851664,0.2992588953966333,0.08454050176652572,0.006876323433630205,2.0905011113285354,0.014124741406703833,0.4323171365423093,0.013757108356685421,0.016510608276462335,3.2149500839295797e-07,-1.2533973858808167e-11,0.0,0.0,0.0,0.0,0.0,0.0,0.0,0.0,0.0,0.0,0.0,0.0,0.0,0.0,0.0,0.0,0.0,0.0,0.0,0.0,0.0,0.0,0.0,0.0,0.0,0.0,0.0,0.0,0.0,0.0
644.0640859148475,2262.4293737706303,128.62069762847028,61.42245972508954,20.304215105856144,3.921772482141023,4.832277110705519,0.31815297556363475,1.0852548835912046,0.019770912466356094,0.24570312749079903,0.04892658578432929,0.002937361477250988,0.011916344345081598,0.003288650791148484,0.002155807340386673,1.871097879302397e-06,2.6261659513693303e-09,-1.2533973858808167e-11,0.0,0.0,0.0,0.0,0.0,0.0,0.0,0.0,0.0,0.0,0.0,0.0,0.0,0.0,0.0,0.0,0.0,0.0,0.0,0.0,0.0,0.0,0.0,0.0,0.0,0.0,0.0,0.0,0.0,0.0
807.7683403234226,3923.8200075004906,146.26996584409113,179.3443689742221,24.264825228222975,30.877401867557637,0.9009197418644419,7.7307859311247284,0.5142478858839183,1.721137081307461,0.002322118025887221,0.0006214242574742457,0.4743562379566413,0.004881826382188592,0.001053846189648766,7.681870908982091e-05,8.593769393883122e-07,2.6830093702301383e-09,2.5067947717616335e-11,0.0,0.0,-3.2741809263825417e-11,3.552713678800501e-11,0.0,0.0,-4.4565240386873484e-11,4.780531526193954e-11,-2.5579538487363607e-11,5.46265255252365e-11,-5.820766091346741e-11,-6.190248313941993e-11,0.0,6.963318810448982e-11,-3.6834535421803594e-11,0.0,0.0,4.3229420043644495e-11,-4.547473508864641e-11,0.0,0.0,5.255174073681701e-11,-1.1004885891452432e-10,0.0,1.2028067430946976e-10,-1.255671122635249e-10,1.3096723705530167e-10,-6.824052434240002e-11,-7.105427357601002e-11,2.2177459868544247e-10
1474.7278050343014,3046.8276535469067,176.11736983444928,132.73152734367022,54.36630325895146,12.745266990761593,20.595920557484902,3.7431630089031387,3.269885810854305,0.5576932013391342,0.10285443078504386,1.1340260732769138,0.05625419087351702,0.012485171755542979,0.3195906919446827,0.0047451031080072426,0.07882601070559758,0.025578782879165374,0.007496034990424505,0.005648543012966911,0.0033630644779520935,1.1436550266807899e-06,2.8776980798284058e-09,0.0,4.143885234952904e-11,-2.2282620193436742e-11,-2.390265763096977e-11,0.0,0.0,0.0,-3.0951241569709964e-11,0.0,3.481659405224491e-11,-3.6834535421803594e-11,0.0,0.0,0.0,0.0,0.0,0.0,0.0,0.0,0.0,0.0,0.0,0.0,0.0,0.0,0.0
611.6139150629806,3129.9693257455374,83.65169233892829,86.4385240169945,12.58734315443445,8.715511042222715,2.634373862568765,0.36309838904458047,1.5647277257456835,0.1949405095392649,0.05644009578503528,0.014634720620506414,0.02979106145772903,0.0033380393288098276,0.004480807538868703,0.0005909111924893296,2.2444083981554286e-05,3.797140379901975e-09,1.2533973858808167e-10,1.375610736431554e-11,-3.007016857736744e-11,0.0,0.0,0.0,0.0,0.0,0.0,0.0,0.0,0.0,0.0,0.0,0.0,0.0,0.0,0.0,0.0,0.0,0.0,0.0,0.0,0.0,0.0,0.0,0.0,0.0,0.0,0.0,0.0
912.3414277540339,2500.5570780099097,137.11710687962437,87.73546439209804,29.17055939695254,13.198419665866822,10.276439087545953,2.7914583286417383,3.5528880152016598,0.7660134814022967,1.051918224278836,0.23927422568306156,0.056058323212226924,0.015066386622493155,0.4243484214317732,0.11968317929313343,0.0059115424988362975,0.024027822314565128,0.007029828643680958,0.0010295485773212931,0.00023821692792580507,1.7230868252227083e-06,5.684341886080801e-10,0.0,0.0,0.0,0.0,0.0,0.0,5.820766091346741e-11,-6.190248313941993e-11,0.0,0.0,7.366907084360719e-11,-7.781864042044617e-11,0.0,4.3229420043644495e-11,-9.094947017729282e-11,9.555378710501827e-11,0.0,-1.0510348147363402e-10,0.0,0.0,0.0,0.0,1.3096723705530167e-10,-1.3648104868480004e-10,0.0,0.0
896.6405899745132,3024.4925032970277,90.41427414813938,68.62594474021489,16.658575125407054,11.353464821475427,3.3875172203753436,3.8365601876023447,1.1389744001235158,0.3221924642607519,0.8024344785549999,0.11146916930943007,0.01761695177577849,0.007662904696189798,0.17784928552168822,0.0453979677274674,0.011549273251262093,0.001934860006258532,0.00033097820522698385,9.065742460734327e-06,5.023221660849231e-08,-3.2741809263825417e-11,0.0,0.0,0.0,0.0,0.0,0.0,0.0,0.0,0.0,0.0,0.0,0.0,0.0,0.0,0.0,0.0,0.0,0.0,0.0,0.0,0.0,0.0,0.0,0.0,0.0,0.0,0.0
940.4715030946923,4349.599459324911,216.61269167102972,89.49680329102694,64.34289642945345,13.965577380928153,13.15595214166899,1.9922702079611554,3.625113613534495,0.7655349733004186,0.15989869705876458,0.03492139537058847,0.01036548906228063,0.45083214785699965,0.010413375133481395,0.002435575969002457,0.0002457196891896274,7.776179700158536e-09,4.261551111994777e-10,2.751221472863108e-11,0.0,0.0,0.0,0.0,0.0,0.0,0.0,0.0,0.0,0.0,0.0,0.0,0.0,0.0,0.0,0.0,0.0,0.0,0.0,0.0,0.0,0.0,0.0,0.0,0.0,0.0,0.0,0.0,0.0
863.3139870190878,3591.993814937421,118.99859823941057,141.48386361006828,11.23361060510777,12.664804759671824,3.778853709726178,2.9854029228346235,1.050227163640841,0.8241673795928364,0.24552525082935972,0.23239577044330417,0.06010429592748778,0.016054936386353802,0.06790054596476125,0.012684916802072621,0.002000231540819186,0.006060202781554835,0.0011142620788291424,0.00011373894847110932,9.491348009760259e-07,3.549212124198675e-08,1.7763568394002505e-11,-1.921307557495311e-11,4.143885234952904e-11,0.0,-2.390265763096977e-11,0.0,0.0,0.0,6.190248313941993e-11,-6.571099220309407e-11,6.963318810448982e-11,0.0,-7.781864042044617e-11,8.208189683500677e-11,-8.645884008728899e-11,0.0,0.0,0.0,1.0510348147363402e-10,0.0,-1.1510792319313623e-10,0.0,0.0,0.0,0.0,1.4210854715202004e-10,-1.4784973245696165e-10
889.7362265388467,2176.0029746943983,108.86516965868225,141.08702889771826,19.059840431842645,12.309684489448045,8.82894443076907,2.1817514966130602,2.8325779890582226,0.33672513602869003,0.7282395444183862,0.1455998381104564,0.03314652695678433,0.07697013449796941,0.017266899984718975,0.004688897373284817,0.010540688999213899,0.002450008310006524,0.004447741238095659,0.005238991301098395,0.00634254358649855,0.006834727904788451,0.007297949267126569,0.007905746652568268,0.00852659326722005,0.009169849102818262,0.009836729367208363,0.010526566217095024,0.011240062735424772,0.011976634268648922,0.01273717452636447,0.013520513247613053,0.014327860812812787,0.015157650382207066,0.016011428488667434,0.01688844713044091,0.017789417535851726,0.018712960672928602,0.019660753362018113,0.020630756124774052,0.021625358568059028,0.022642682524292468,0.02368413577258366,0.024747890489948077,0.025836171243355466,0.026946293779474217,0.028081387734943064,0.029239001122505215,0.03042095683633761
824.9424190285315,2808.096789192201,140.5643927099959,185.35076459728907,25.652360934005088,13.787882545140747,11.36423738895337,2.841209724175542,2.7432943771540295,0.42854040873771737,0.06548350363021882,0.8213894870898457,0.1983104865857399,0.04674768949917052,0.0380555054231877,0.00877435902009438,0.007424150935946727,0.0012208598377583257,0.003744359216796056,0.005103044864313233,0.005835327410267155,0.006222232526852167,0.006732441093504349,0.007317931558645796,0.007891641396554405,0.008486964827625343,0.009104151633124502,0.00974274848317691,0.010403199386672668,0.011085082311183214,0.011788847798243296,0.012514019129980625,0.013261102061790098,0.014029557926278358,0.014819958646711484,0.015631699457230752,0.016465418286543354,0.017320443112112116,0.018197480314483983,0.019095787829201072,0.02001614433550003,0.020957733964678482,0.021921413094361242,0.022906284452119507,0.023913285143407847,0.024941436444350984,0.025991759290462824,0.027063189662612785,0.028156838076597523
473.54344202199815,2375.1388747945875,101.08752665933451,69.69528661484514,39.6649719906315,8.728213838658121,6.691769525514843,0.97259779592207,2.2166287487400496,0.4921246999001596,0.11068743431263783,0.13640708855166395,0.025175505533070464,0.04022920703573618,0.011604920415777542,0.008197372000267933,0.0018123757823502729,0.00014819866009929683,7.199514584499411e-07,2.2560016077477485e-09,3.007016857736744e-11,0.0,0.0,0.0,0.0,0.0,0.0,0.0,0.0,0.0,0.0,0.0,0.0,0.0,0.0,0.0,0.0,0.0,0.0,0.0,0.0,0.0,0.0,0.0,0.0,0.0,0.0,0.0,0.0
631.8344015606477,3333.9581241009128,168.21154980724913,111.44271635084374,54.46012907543957,24.197370638208668,18.485071021338342,7.483311518592473,5.85104888956829,1.659435626463619,3.283885946842304,0.5370189743624678,0.1523575103263397,0.025415684314793907,0.6585316454853682,0.17888672589640464,0.024782878886412618,0.030132402412164083,0.01810849257424252,0.005871187674074463,0.005082193320902206,0.00029659968458872754,2.342879668049136e-05,6.128971108410042e-07,1.2431655704858713e-09,3.5652192309498787e-09,-7.170797289290931e-11,0.0,0.0,0.0,0.0,0.0,0.0,0.0,0.0,0.0,0.0,0.0,0.0,0.0,0.0,0.0,0.0,0.0,0.0,0.0,0.0,0.0,0.0
758.9679328140004,2717.497846217986,162.5100936634297,83.86443660222199,18.458519354014015,8.918723666596634,4.733824508381673,0.7103712816984853,2.3994106502929924,0.580562317562908,0.14932930512946996,0.1238239492890898,0.019305221690046892,0.04720683024788741,0.0033150945864690584,0.010793031136472564,0.001986739452149777,0.0024972045252980024,2.636027562630261e-05,2.1353605461627012e-07,1.8342802832194138e-09,0.0,0.0,0.0,0.0,0.0,0.0,0.0,0.0,0.0,0.0,0.0,0.0,0.0,0.0,0.0,0.0,0.0,0.0,0.0,0.0,0.0,0.0,0.0,0.0,0.0,0.0,0.0,0.0
1068.503315524331,1912.4275226806567,202.65553470639475,54.18401701963273,50.38259937223168,12.342345746139472,2.963178041055869,0.778638223872008,0.21457373967660942,0.054290266373755,0.013466071667835422,0.002441217248929206,0.0006472505411636575,1.78246118593961e-05,1.0646002124303777e-07,8.287770469905809e-11,-2.0520474208751693e-11,0.0,-2.5067947717616335e-11,2.751221472863108e-11,0.0,0.0,0.0,0.0,0.0,0.0,0.0,0.0,2.731326276261825e-11,0.0,0.0,0.0,0.0,0.0,0.0,0.0,0.0,0.0,0.0,0.0,0.0,0.0,0.0,1.2028067430946976e-10,0.0,-6.548361852765083e-11,0.0,0.0,0.0
592.5825339994014,3037.1941200921583,48.14440623870979,61.79441043265592,4.370607242954804,7.233521330779695,0.906001659948231,0.6446414539766465,0.05038076986372175,0.17059179384432355,0.008011734565684492,0.0010577709155086268,9.109543199770087e-05,6.237532943487167e-07,2.0534685063466895e-10,-9.208633855450898e-12,1.0260237104375847e-11,-1.1368683772161603e-11,1.2533973858808167e-11,0.0,1.503508428868372e-11,0.0,-3.552713678800501e-11,0.0,0.0,2.2282620193436742e-11,0.0,-5.1159076974727213e-11,5.46265255252365e-11,-5.820766091346741e-11,6.190248313941993e-11,-6.571099220309407e-11,6.963318810448982e-11,-3.6834535421803594e-11,0.0,8.208189683500677e-11,-4.3229420043644495e-11,4.547473508864641e-11,0.0,-5.013589543523267e-11,0.0,0.0,-5.7553961596568115e-11,0.0,-1.255671122635249e-10,0.0,1.3648104868480004e-10,-7.105427357601002e-11,7.392486622848082e-11
1151.7495035775212,2265.0397883437745,125.64832216228723,270.95154731655225,40.88006322596891,15.533313130126771,9.82325884150174,2.7329219850145137,5.526266166242067,1.04455368217441,0.22797381562182295,2.1236670645682807,0.5910072715252568,0.07207934542384464,0.015430679895700905,0.21130454230183204,0.0033997024159475586,0.0002157284143322613,3.7282931941717834e-06,5.915126166655682e-10,0.0,0.0,-3.552713678800501e-11,3.842615114990622e-11,-4.143885234952904e-11,2.2282620193436742e-11,2.390265763096977e-11,2.5579538487363607e-11,-5.46265255252365e-11,0.0,0.0,6.571099220309407e-11,-1.3926637620897964e-10,0.0,7.781864042044617e-11,4.1040948417503387e-11,-4.3229420043644495e-11,-4.547473508864641e-11,9.555378710501827e-11,0.0,-1.0510348147363402e-10,1.1004885891452432e-10,-1.1510792319313623e-10,6.014033715473488e-11,-6.278355613176245e-11,0.0,1.3648104868480004e-10,-1.4210854715202004e-10,-1.4784973245696165e-10
1814.9501546379674,2792.324658255786,248.88305379407,183.96176021077417,25.047278697441925,16.59110184977908,9.660130417718392,2.2326745339256604,3.5019148331578265,0.5305160831085232,0.08182633799873429,0.6558232385190195,0.16391370173494124,0.04072430423548212,0.013119752781335592,0.031731668481029374,0.010706937457598542,0.0061848330460634315,0.0014685561326359675,8.012519856492872e-06,1.2103242852390395e-08,1.4733814168721437e-10,3.552713678800501e-11,0.0,0.0,0.0,0.0,0.0,0.0,0.0,0.0,0.0,-3.481659405224491e-11,0.0,3.8909320210223086e-11,0.0,0.0,0.0,0.0,-1.0027179087046534e-10,1.0510348147363402e-10,0.0,0.0,0.0,-1.255671122635249e-10,1.3096723705530167e-10,0.0,0.0,0.0
814.8432803691134,3141.1629608294033,242.36679092322788,96.00784826991458,20.45044941831634,8.945182584186114,6.091409027852308,1.0512377864642986,1.7157685065775183,0.12314915809565719,0.02097431623795387,0.005651201851605947,0.437414413119086,0.07014717078709509,0.017271893502652347,0.004633532414459296,0.003335577637244569,0.004515129853643884,0.006397480638042907,0.005715411148230487,0.0057817076538526635,0.0065496102324686944,0.0071226398112855804,0.007704175974822647,0.00830830986498654,0.008935003410442732,0.009584734690832875,0.01025701927233058,0.010952354330498792,0.011670208594296128,0.012411148663801441,0.013174571420904613,0.013961117642935506,0.014770107752156036,0.015602261267900985,0.0164568175880504,0.01733457953869788,0.0182347009285877,0.01915807245532619,0.02010375777376794,0.021072740017785918,0.022063988123591116,0.02307858222607706,0.024115391978057232,0.025175599080199618,0.026257969337166287,0.02736379058015359,0.02849172020091828,0.02964315672593898
1156.622229668051,3025.6474769333454,100.70359200803125,74.87789066840901,33.44928819498023,7.292674557949795,14.440796640762528,4.218900086101485,1.0740488650456825,0.31321603283231525,1.7452861715725874,0.09809467470074651,0.02996041401530647,0.3311264630756341,0.053638067997781036,0.009832211378125066,0.00863668752450053,0.003400671937470179,0.00032991513623414903,2.0124621073591697e-05,1.5877049008850008e-08,1.6370904631912708e-10,0.0,0.0,-4.143885234952904e-11,0.0,0.0,5.1159076974727213e-11,-5.46265255252365e-11,5.820766091346741e-11,3.0951241569709964e-11,-3.285549610154703e-11,0.0,-7.366907084360719e-11,0.0,8.208189683500677e-11,0.0,9.094947017729282e-11,-4.7776893552509136e-11,0.0,-1.0510348147363402e-10,5.502442945726216e-11,0.0,1.2028067430946976e-10,0.0,-1.3096723705530167e-10,0.0,-7.105427357601002e-11,0.0
703.415619839109,2326.3013278572917,138.5979683029447,140.06740148638937,33.26930862119872,32.6139861038464,5.056443056327623,10.212985157932053,1.5421611732887186,2.5228042017402004,0.3705551456991998,0.3210802591480615,0.09134046005954133,0.08089913296862505,0.014333256820890483,0.004886038698373341,0.0014228001302853954,0.0034268959666405863,0.0002668779713701497,2.0687961182375147e-05,5.535918035093346e-08,7.203198038041592e-10,0.0,1.921307557495311e-11,0.0,0.0,0.0,-2.5579538487363607e-11,5.46265255252365e-11,0.0,0.0,-6.571099220309407e-11,0.0,0.0,3.8909320210223086e-11,-8.208189683500677e-11,4.3229420043644495e-11,-4.547473508864641e-11,0.0,0.0,5.255174073681701e-11,-2.2009771782904863e-10,2.3021584638627246e-10,-6.014033715473488e-11,-6.278355613176245e-11,0.0,6.824052434240002e-11,-1.4210854715202004e-10,-1.4784973245696165e-10
883.2363787159203,2102.9160694816946,45.3164142025571,59.8810187510353,6.022987468256588,9.698806509262795,1.0000233312326543,3.005861977641189,0.8913161327623413,0.1835383357615683,0.28734528394139147,0.04216861745157985,0.08615147722252914,0.021286870432959404,0.01267735142357651,0.0025345477872633637,0.00037810260363357884,2.415705466773943e-05,8.724899203116365e-08,-1.375610736431554e-11,0.0,3.2741809263825417e-11,0.0,-1.921307557495311e-11,4.143885234952904e-11,0.0,0.0,2.5579538487363607e-11,0.0,0.0,0.0,-3.285549610154703e-11,6.963318810448982e-11,-7.366907084360719e-11,0.0,-4.1040948417503387e-11,0.0,-4.547473508864641e-11,9.555378710501827e-11,-5.013589543523267e-11,0.0,1.1004885891452432e-10,-5.7553961596568115e-11,0.0,0.0,0.0,0.0,0.0,0.0
471.8030569368379,2883.2808244288753,140.83211807072757,84.69401152641035,30.452656831271156,8.369362971865485,10.921584555751423,3.1221713089394143,1.700187603607219,1.053012431350453,0.3529907965045709,0.35734706808489136,0.06946506494500682,0.11456346519116778,0.012703717926342506,0.030362913913677403,0.00887790759696827,0.0015123783555281989,0.0002220435708579771,7.442714377248194e-06,4.510525286605116e-11,0.0,0.0,0.0,0.0,2.2282620193436742e-11,-2.390265763096977e-11,0.0,0.0,0.0,6.190248313941993e-11,0.0,0.0,0.0,0.0,0.0,8.645884008728899e-11,-9.094947017729282e-11,9.555378710501827e-11,0.0,0.0,-1.1004885891452432e-10,0.0,1.2028067430946976e-10,0.0,0.0,0.0,7.105427357601002e-11,0.0
992.5862579498572,2846.4546751913413,147.7095508364556,368.5269201260887,55.701538029569264,14.393079417572153,10.595779819828465,3.9164888729999348,1.528540043845254,1.3948885634504222,0.4059249297127394,0.21983311843450792,0.10795053808294597,0.029230974869278725,0.006670904714013659,0.0015539849573542597,0.0001099431500222181,4.851290213991888e-06,-1.2533973858808167e-11,0.0,0.0,0.0,0.0,0.0,0.0,0.0,0.0,0.0,0.0,0.0,0.0,0.0,0.0,0.0,0.0,0.0,0.0,0.0,0.0,0.0,0.0,0.0,0.0,0.0,0.0,0.0,0.0,0.0,0.0
643.087775194761,2605.78122231442,126.40870158827795,47.733580706576504,21.11696098652925,3.5386174862651387,5.054779053337569,0.9288685521426032,0.19317204601722437,0.49007069201798004,0.0590803892639542,0.012299278830369076,0.06061218542754432,0.008109803646220826,0.003441584599499947,0.000524034787531491,3.2028315104071226e-05,6.002665031701326e-09,1.128057647292735e-10,7.840981197659858e-10,0.0,0.0,0.0,0.0,0.0,0.0,0.0,0.0,0.0,0.0,0.0,0.0,0.0,0.0,0.0,0.0,0.0,0.0,0.0,0.0,0.0,0.0,0.0,0.0,0.0,0.0,0.0,0.0,0.0
2353.8909710642006,2183.829105547644,829.7124529980806,2.5071279562035897,0.7995516079828917,0.24319440004910575,0.07307266683454827,0.021627072754881738,0.004340996580992851,0.0005723601489080465,0.0004745677363473533,1.9608148704719497e-06,1.0231815394945443e-10,0.0,0.0,-1.8417267710901797e-11,4.1040948417503387e-11,-2.2737367544323206e-11,0.0,-1.375610736431554e-11,-3.007016857736744e-11,1.6370904631912708e-11,3.552713678800501e-11,-1.921307557495311e-11,0.0,2.2282620193436742e-11,-7.170797289290931e-11,5.1159076974727213e-11,0.0,0.0,-3.0951241569709964e-11,0.0,6.963318810448982e-11,-3.6834535421803594e-11,3.8909320210223086e-11,4.1040948417503387e-11,-4.3229420043644495e-11,0.0,0.0,-5.013589543523267e-11,0.0,2.2009771782904863e-10,-2.3021584638627246e-10,1.8042101146420464e-10,-1.255671122635249e-10,-6.548361852765083e-11,2.0472157302720007e-10,-1.4210854715202004e-10,0.0
981.2687019817693,3271.199502723026,120.71785983482641,104.16177487093455,28.149940331057905,10.293912114058912,6.369899122187917,2.5645765493038652,1.3847956981398113,0.7108654998619386,0.3053389090823657,0.04742444324210737,0.01106158142363256,0.2533327005949104,0.07386641717158682,0.008791609121090005,0.022705338634182226,0.0057038802992792625,0.0010180151475083221,6.765795592400536e-05,1.835934142491169e-06,5.238689482212067e-10,-1.7763568394002505e-11,1.921307557495311e-11,-4.143885234952904e-11,4.4565240386873484e-11,-4.780531526193954e-11,5.1159076974727213e-11,-5.46265255252365e-11,0.0,3.0951241569709964e-11,6.571099220309407e-11,-6.963318810448982e-11,0.0,0.0,0.0,4.3229420043644495e-11,9.094947017729282e-11,-9.555378710501827e-11,1.0027179087046534e-10,-1.0510348147363402e-10,1.1004885891452432e-10,0.0,-1.2028067430946976e-10,1.255671122635249e-10,-1.3096723705530167e-10,0.0,0.0,1.4784973245696165e-10
1618.2716360746804,2839.7136700111587,126.72056963240692,94.91284662995713,40.987771022144614,12.382249916099681,12.887693865057088,2.233355272116455,3.7012995217508546,0.7546686749742548,0.15453346649780997,0.6161466900075538,0.0675974072365193,0.1595036696671741,0.040646074494787854,0.01325252367723806,0.028524905197201633,0.00597834327891178,0.0011425495782759754,0.0001169200070307852,1.2691114648077928e-07,3.2741809263825417e-10,0.0,0.0,-2.071942617476452e-11,0.0,2.390265763096977e-11,0.0,0.0,0.0,0.0,0.0,0.0,0.0,0.0,0.0,0.0,0.0,0.0,0.0,0.0,0.0,0.0,0.0,0.0,0.0,0.0,0.0,0.0
707.2306014928797,3194.8211726076734,142.06940195225428,124.09812766099708,24.26656549929055,7.791559153822163,5.918300970552593,0.9417714606342997,1.2018146176370692,0.1782800449327624,0.026335268729042127,0.004814755194729514,0.00033548781672720906,0.2033009711158229,0.003237571287741048,0.02897039849256089,0.004415247223107599,0.017953073211174342,0.00482872058600492,0.003473824235243228,0.005055810025623941,0.005759347703133244,0.0059566773913388715,0.006422914449331074,0.006959039263563227,0.007483956442683848,0.008028178591132473,0.008591339710051216,0.009173696113691676,0.009775017446372658,0.010395584003987324,0.011035077040560282,0.011693837397785956,0.01237150512952212,0.013068459838564195,0.013784301945861444,0.014519451995397503,0.015273464805432013,0.01604681052219803,0.016838992942552977,0.017650535083475916,0.01848089015857113,0.01933062916776862,0.02019915461914934,0.021087091525998858,0.02199378925433848,0.022919923892800398,0.02386478598737085,0.02482911924215614
678.7047439194644,2024.4594911833065,99.75028908444017,53.71467987289361,27.176596226454706,11.887365725218842,9.939899809976254,4.523104579357096,3.029212185929566,1.154022563448052,0.9538449123339774,0.25980985364230946,0.07863933270328971,0.598527720067068,0.12448669194216677,0.02158656710867035,0.032593930907637514,0.005733769603466499,0.0010015610981213285,7.202574010989338e-06,1.360374426440103e-07,0.0,0.0,1.921307557495311e-11,0.0,2.2282620193436742e-11,0.0,-5.1159076974727213e-11,5.46265255252365e-11,-5.820766091346741e-11,6.190248313941993e-11,0.0,0.0,3.6834535421803594e-11,0.0,0.0,-8.645884008728899e-11,0.0,-4.7776893552509136e-11,0.0,1.5765522221045103e-10,-1.1004885891452432e-10,0.0,0.0,6.278355613176245e-11,-6.548361852765083e-11,-6.824052434240002e-11,1.4210854715202004e-10,0.0
1343.1671860765864,3039.9132391838557,179.2716457941779,276.4070826847726,27.01855119329076,13.127914891496403,10.277674765203301,2.9713757793615514,3.3823975156971073,0.5957196667859535,1.0002200996117665,0.10857632381998883,0.02665279029159251,0.00813796631700825,0.3430951464409304,0.004344016603454293,0.0794828944988808,0.0011973821301580756,9.184853428223505e-05,1.9055785287491744e-06,6.044103884050855e-09,3.2741809263825417e-11,-3.552713678800501e-11,3.842615114990622e-11,0.0,-4.4565240386873484e-11,4.780531526193954e-11,0.0,-5.46265255252365e-11,5.820766091346741e-11,0.0,-6.571099220309407e-11,6.963318810448982e-11,-7.366907084360719e-11,7.781864042044617e-11,0.0,0.0,0.0,0.0,-1.0027179087046534e-10,1.0510348147363402e-10,-1.1004885891452432e-10,1.1510792319313623e-10,0.0,0.0,-1.3096723705530167e-10,0.0,1.4210854715202004e-10,-1.4784973245696165e-10
815.51685347186,2930.98664458201,125.74144399707023,53.325798252903496,64.429891616026,15.535407837611274,5.1325375069978065,4.219653304585336,1.0243499351041692,1.2546624885085293,0.1729905886761003,0.027182069020454946,0.7232829570341437,0.019263587004388683,0.10557094677091072,0.03498587982596746,0.005369191351974223,0.004360368495781586,0.004855262203165012,0.006874445358903358,0.005594789200642936,0.00874582684264169,0.006555486748993644,0.006372222478603362,0.0078360350978528,0.008286724891149788,0.008889189535437936,0.009512905765518553,0.010157563840067496,0.01082357278210111,0.011510496380680024,0.01221879896104383,0.012947987205080835,0.013698584302346717,0.01447003631326993,0.015262928806009768,0.016076643705247307,0.016911832472032984,0.017767809381012967,0.018645295300416365,0.01954353334056691,0.02046331729115991,0.021403815583909136,0.02236589844426362,0.023348656111039645,0.024353038759727497,0.025378054921958437,0.026424738237551537,0.027492012016665512
920.5131528977221,4437.602237714718,137.16887460536498,48.19019927170143,41.83742868908138,9.1003088011621,7.4064739692828425,2.1316031359305043,0.6322328421499606,2.6239578627155424,0.2746743302423056,0.5145685228831098,0.08716236516548292,0.07731320563470945,0.020894686553702968,0.02704237362627282,0.015711544950704592,0.017574370895090397,0.0051036020386447944,0.004558438812978238,2.7764418121023482e-05,2.544038579799235e-08,1.4921397450962104e-09,0.0,0.0,0.0,0.0,0.0,0.0,0.0,0.0,0.0,0.0,0.0,0.0,0.0,0.0,0.0,0.0,0.0,0.0,0.0,0.0,0.0,0.0,0.0,0.0,0.0,0.0
372.42448376532775,1927.2399248915935,53.22935470913137,46.90631776635075,8.708433606661117,4.2701354592973075,1.6375092793016393,0.5354580029006684,0.07659296068425192,0.28821495058491564,0.033278778608746507,0.0075375132272483825,0.026998329760630213,0.006528653291752562,0.0027452869416038084,0.0026772432028110416,0.004376395973451963,0.004602077501658641,0.00466911901679623,0.005228071895658104,0.00568181262934786,0.00618622385445633,0.00671203771673845,0.007259572072143783,0.007828915654386037,0.00841949806726916,0.00903172168045785,0.009665240128242658,0.010320433454126032,0.010996895434800535,0.01169505934603876,0.012414463986942792,0.013155599356196035,0.013917945784669428,0.014702053484597855,0.015507340827980443,0.01633442173124422,0.017182649116875837,0.01805270409613513,0.01894387065135561,0.019856900579270587,0.020791005431419762,0.02174701118065059,0.022724053457068294,0.023723035900275136,0.024743014728301205,0.02578497473814423,0.026847889245118495,0.027932827694257867
672.8861138079069,3516.676916219848,139.06377534595578,136.18743099506446,36.158732809460446,15.439510685626374,11.204522861054215,3.3849185974617058,2.94455076637081,0.7224820381734389,0.7286664763118722,0.16635657936762982,0.14020672203400864,2.7306858100928366e-05,8.213874025386758e-10,2.7625901566352695e-11,0.0,0.0,0.0,0.0,0.0,0.0,0.0,0.0,0.0,-2.2282620193436742e-11,0.0,0.0,0.0,0.0,0.0,0.0,0.0,0.0,0.0,0.0,0.0,0.0,0.0,0.0,0.0,0.0,0.0,0.0,0.0,0.0,0.0,0.0,0.0
556.2873458564798,2722.401930389562,115.51324341382525,40.818436579689205,22.38819990731497,9.961062883106933,5.541342707413577,3.5778102924297173,1.014932517607349,1.4585836907326666,0.2943273842968779,0.430791856691485,0.06720899694059312,0.11463778551842552,0.031229400438348875,0.016298598026537547,0.004412237608278247,0.0006193838316903566,3.5441064483165974e-07,2.1239429770503193e-08,3.007016857736744e-11,-3.2741809263825417e-11,1.7763568394002505e-11,3.842615114990622e-11,-6.215827852429356e-11,2.2282620193436742e-11,0.0,2.5579538487363607e-11,-2.731326276261825e-11,1.1641532182693481e-10,-1.2380496627883986e-10,3.285549610154703e-11,0.0,3.6834535421803594e-11,0.0,0.0,0.0,0.0,9.555378710501827e-11,-2.0054358174093068e-10,5.255174073681701e-11,0.0,0.0,1.2028067430946976e-10,0.0,0.0,0.0,-7.105427357601002e-11,0.0
1190.4299933165898,2485.6734738593213,116.56869544947881,204.1339800580963,14.23518527778694,7.645198957308821,5.714740042580104,0.9117761183233597,2.207000233527424,0.6280759548990318,0.15761695371651285,0.16460683510172203,0.02733818755373818,0.048385364512796514,0.004996109714539898,0.0035044129288053227,0.0003398456987326881,2.253000275231898e-06,1.6294166016450617e-10,0.0,0.0,-1.6370904631912708e-11,0.0,0.0,4.143885234952904e-11,2.2282620193436742e-11,-9.561063052387908e-11,0.0,-5.46265255252365e-11,0.0,0.0,0.0,6.963318810448982e-11,-7.366907084360719e-11,-3.8909320210223086e-11,4.1040948417503387e-11,8.645884008728899e-11,-4.547473508864641e-11,-9.555378710501827e-11,1.0027179087046534e-10,0.0,-1.1004885891452432e-10,0.0,0.0,1.255671122635249e-10,0.0,-1.3648104868480004e-10,1.4210854715202004e-10,0.0
